{"stats":{"minecraft:picked_up":{"minecraft:light_gray_concrete":1,"minecraft:stone_slab":2},"minecraft:used":{"minecraft:barrier":1,"minecraft:stone_slab":3,"minecraft:jungle_button":2,"minecraft:light_gray_concrete":1},"minecraft:custom":{"minecraft:jump":52,"minecraft:time_since_rest":549,"minecraft:play_time":15516,"minecraft:crouch_one_cm":64,"minecraft:leave_game":5,"minecraft:sprint_one_cm":21715,"minecraft:deaths":1,"minecraft:time_since_death":549,"minecraft:walk_one_cm":9306,"minecraft:sneak_time":437,"minecraft:total_world_time":15558,"minecraft:interact_with_anvil":1,"minecraft:fly_one_cm":556147}},"DataVersion":3839}